"Bestand","Status"
"aidata/aiploader.fli","Gelijk"
"aidata/aipplan.txt","Gelijk"
"aidata/AIPs/Aipdef.h","Gelijk"
"aidata/AIPs/barbarian.aip","Gelijk"
"aidata/AIPs/build_troops_off.aip","Gelijk"
"aidata/AIPs/build_troops_on.aip","Gelijk"
"aidata/AIPs/citywall.aip","Gelijk"
"aidata/AIPs/citywall_science.aip","Gelijk"
"aidata/AIPs/clean-aips.pl","Gelijk"
"aidata/AIPs/cleric.aip","Gewijzigd"
"aidata/AIPs/cleric_on.aip","Gelijk"
"aidata/AIPs/default.aip","Gewijzigd"
"aidata/AIPs/defend_normal.aip","Gewijzigd"
"aidata/AIPs/fallback.aip","Gewijzigd"
"aidata/AIPs/gather.aip","Gewijzigd"
"aidata/AIPs/getarmy.aip","Gewijzigd"
"aidata/AIPs/green_me.aip","Gewijzigd"
"aidata/AIPs/highdist.aip","Gelijk"
"aidata/AIPs/improvement_build_normal.aip","Gelijk"
"aidata/AIPs/lowdist.aip","Gelijk"
"aidata/AIPs/masssettle.aip","Gelijk"
"aidata/AIPs/masssettle_sandbag.aip","Gelijk"
"aidata/AIPs/milfew.aip","Gewijzigd"
"aidata/AIPs/milmany.aip","Gewijzigd"
"aidata/AIPs/naval.aip","Gewijzigd"
"aidata/AIPs/no_settle.aip","Gelijk"
"aidata/AIPs/normal_explore.aip","Gelijk"
"aidata/AIPs/nosally.aip","Gelijk"
"aidata/AIPs/noscience.aip","Gelijk"
"aidata/AIPs/one_explore.aip","Gelijk"
"aidata/AIPs/pull_units_into_city.aip","Gelijk"
"aidata/AIPs/README.txt","Gelijk"
"aidata/AIPs/sally.aip","Gelijk"
"aidata/AIPs/scifew.aip","Gewijzigd"
"aidata/AIPs/scimany.aip","Gewijzigd"
"aidata/AIPs/siege_off.aip","Gelijk"
"aidata/AIPs/slave_on.aip","Gelijk"
"aidata/AIPs/slaver.aip","Gewijzigd"
"aidata/AIPs/special_attacks_off.aip","Gelijk"
"aidata/AIPs/supernaval.aip","Gewijzigd"
"aidata/AIPs/survival_mode.aip","Gelijk"
"aidata/AIPs/takecity.aip","Gewijzigd"
"aidata/AIPs/two_explore.aip","Gelijk"
"aidata/AIPs/unit_focus.aip","Gelijk"
"aidata/AIPs/yes_settle.aip","Gelijk"
"aidata/beginturn.fli","Gelijk"
"aidata/beginturnBarbarians.fli","Gelijk"
"aidata/beginturnCleric.fli","Gelijk"
"aidata/beginturnSciFew.fli","Gelijk"
"aidata/beginturnSciMany.fli","Gelijk"
"aidata/beginturnSlaver.fli","Gelijk"
"aidata/beginturnWarFew.fli","Gelijk"
"aidata/beginturnWarMany.fli","Gelijk"
"aidata/def_personality_science_fast.fli","Gelijk"
"aidata/def_personality_science_slow.fli","Gelijk"
"aidata/def_personality_settle_dense.fli","Gelijk"
"aidata/def_personality_settle_loose.fli","Gelijk"
"aidata/def_personality_who_barbarian.fli","Gelijk"
"aidata/def_personality_who_cleric.fli","Gelijk"
"aidata/def_personality_who_scientist.fli","Gelijk"
"aidata/def_personality_who_slaver.fli","Gelijk"
"aidata/def_personality_who_warrior.fli","Gelijk"
"aidata/diplomacy.fli","Gelijk"
"aidata/diplomacy_accepted.fli","Gewijzigd"
"aidata/diplomacy_begin.fli","Gewijzigd"
"aidata/diplomacy_pre_incoming.fli","Gewijzigd"
"aidata/diplomacy_pre_outgoing.fli","Gewijzigd"
"aidata/diplomacy_rejected.fli","Gewijzigd"
"aidata/diplomacy_set_average_trust.fli","Gelijk"
"aidata/diplomacy_set_backstab.fli","Gelijk"
"aidata/diplomacy_set_loyal.fli","Gelijk"
"aidata/diplomacy_set_opportunist.fli","Gelijk"
"aidata/diplomacy_set_peace.fli","Gelijk"
"aidata/diplomacy_set_war.fli","Gelijk"
"aidata/diplomacyBarbarians.fli","Gelijk"
"aidata/diplomacypeacebackstab.fli","Gelijk"
"aidata/diplomacypeaceloyal.fli","Gelijk"
"aidata/diplomacywarbackstab.fli","Gelijk"
"aidata/diplomacywarloyal.fli","Gelijk"
"aidata/endturn.fli","Gelijk"
"aidata/init.fli","Gelijk"
"aidata/input_deals.fli","Gelijk"
"aidata/input_responses.fli","Gelijk"
"aidata/inputs.fli","Gewijzigd"
"aidata/inputs_dip_incoming_mess.txt","Gelijk"
"aidata/main.fli","Gelijk"
"aidata/mainBarbarians.fli","Gelijk"
"aidata/mainCleric.fli","Gelijk"
"aidata/mainSciFew.fli","Gelijk"
"aidata/mainSciMany.fli","Gelijk"
"aidata/mainSlaver.fli","Gelijk"
"aidata/mainWarFew.fli","Gelijk"
"aidata/mainWarMany.fli","Gelijk"
"aidata/output_aipnames.fli","Gelijk"
"aidata/outputs.fli","Gewijzigd"
"aidata/personality.fli","Gewijzigd"
"aidata/personalityBarbarians.fli","Gelijk"
"aidata/personalityCleric.fli","Gewijzigd"
"aidata/personalityDefault.fli","Gewijzigd"
"aidata/personalitySciFew.fli","Gewijzigd"
"aidata/personalitySciMany.fli","Gewijzigd"
"aidata/personalitySlaver.fli","Gewijzigd"
"aidata/personalityWarFew.fli","Gewijzigd"
"aidata/personalityWarMany.fli","Gewijzigd"
"aidata/README.txt","Gelijk"
"aidata/set_budget.fli","Gelijk"
"aidata/set_food_or_prod.fli","Gewijzigd"
"aidata/set_govern.fli","Gelijk"
"aidata/set_inst_priority.fli","Gewijzigd"
"aidata/set_military_readiness.fli","Gelijk"
"aidata/set_pw.fli","Gewijzigd"
"aidata/set_resource_desire.fli","Gewijzigd"
"aidata/set_science_speed.fli","Gewijzigd"
"aidata/set_settle_density.fli","Gewijzigd"
"aidata/set_wgf.fli","Gewijzigd"
"aidata/strategic_AI_config.txt","Gelijk"
"gamedata/Advance.txt","Gelijk"
"gamedata/advanceicon.txt","Gelijk"
"gamedata/age.txt","Gelijk"
"gamedata/branchID.txt","Gelijk"
"gamedata/cityid.txt","Gelijk"
"gamedata/civilisation.txt","Gelijk"
"gamedata/Colors00.txt","Gelijk"
"gamedata/concept.txt","Gelijk"
"gamedata/concepticon.txt","Gelijk"
"gamedata/Const.txt","Gewijzigd"
"gamedata/DiffDB.txt","Gelijk"
"gamedata/endgame.txt","Gelijk"
"gamedata/endgameicon.txt","Gelijk"
"gamedata/gamefile.txt","Gelijk"
"gamedata/goods.txt","Gelijk"
"gamedata/goodsicon.txt","Gelijk"
"gamedata/goodsID.txt","Gelijk"
"gamedata/govern.txt","Gelijk"
"gamedata/governicon.txt","Gelijk"
"gamedata/gw.txt","Gewijzigd"
"gamedata/hscore.txt","Gewijzigd"
"gamedata/Improve.txt","Gelijk"
"gamedata/improveicon.txt","Gelijk"
"gamedata/installations.txt","Gelijk"
"gamedata/joestest.slc","Gelijk"
"gamedata/map.txt","Gelijk"
"gamedata/messageicon.txt","Gelijk"
"gamedata/order.txt","Gelijk"
"gamedata/ozone.txt","Gelijk"
"gamedata/playlist.txt","Gelijk"
"gamedata/pollution.txt","Gelijk"
"gamedata/Pop.txt","Gelijk"
"gamedata/profile.txt","Gewijzigd"
"gamedata/ProjectileEndID.txt","Gelijk"
"gamedata/ProjectileID.txt","Gelijk"
"gamedata/risks.txt","Gelijk"
"gamedata/scenario.slc","Gelijk"
"gamedata/script.slc","Gelijk"
"gamedata/sounds.txt","Gelijk"
"gamedata/speceffectid.txt","Gelijk"
"gamedata/spriteID.txt","Gelijk"
"gamedata/terrain.txt","Gelijk"
"gamedata/terrainicon.txt","Gelijk"
"gamedata/test.slc","Gelijk"
"gamedata/throne.txt","Gelijk"
"gamedata/tileimp.txt","Gelijk"
"gamedata/tileimpicon.txt","Gelijk"
"gamedata/tut_profile.txt","Gelijk"
"gamedata/tutorial.slc","Gelijk"
"gamedata/tutorial_more.slc","Gelijk"
"gamedata/tutorial_triggers.slc","Gelijk"
"gamedata/uniticon.txt","Gelijk"
"gamedata/Units.txt","Gelijk"
"gamedata/Units_historic.txt","Gelijk"
"gamedata/Units_release.txt","Gelijk"
"gamedata/victorymovie.txt","Gelijk"
"gamedata/Wonder.txt","Gelijk"
"gamedata/wondericon.txt","Gelijk"
"gamedata/wondermovie.txt","Gelijk"
